{"dots":{"15":[0.413789,-0.198909,0.049063,677.2,44.5],"16":[0.412656,-0.243642,-0.034403,697.4,43.7],"19":[0.329186,-0.19686,0.002716,758.4,42.1],"20":[0.980283,-0.128563,0.465599,779.0,42.7],"21":[0.229944,-0.205982,-0.073465,800.4,43.0],"23":[1.279797,-0.162751,0.549497,840.5,42.6],"28":[0.39971,-0.232641,-0.020597,676.9,64.3],"29":[0.433552,-0.260034,-0.053443,697.0,63.7],"30":[0.457512,-0.256865,-0.035036,717.6,64.0],"32":[0.692579,-0.079011,0.367047,758.5,63.6],"33":[0.855024,-0.057963,0.465636,779.2,63.6],"34":[0.483765,-0.104917,0.175171,799.9,63.7],"35":[0.490573,-0.104453,0.17888,820.5,63.9],"36":[1.77348,-0.088608,0.925972,840.3,64.7],"37":[0.851097,-0.172145,0.284368,861.2,64.1],"38":[0.182002,-0.362301,-0.387866,881.9,64.6],"39":[0.110583,-0.217215,-0.206482,902.0,65.8],"47":[0.271905,-0.113975,0.039194,717.6,83.9],"48":[0.069524,-0.002879,0.06385,738.1,83.0],"49":[0.080256,-0.13823,-0.114833,758.7,82.7],"51":[0.014766,-0.044998,-0.032219,800.1,83.3],"52":[0.657937,-0.119011,0.240056,820.5,83.3],"53":[1.264763,-0.177005,0.499649,841.4,84.0],"54":[1.561161,-0.181661,0.535366,861.6,83.7],"55":[0.977049,-0.189687,0.231083,882.3,84.2],"56":[0.13252,-0.137676,-0.049674,902.2,85.2],"57":[0.524121,-0.13052,0.217287,922.1,86.5],"58":[0.56791,-0.044706,0.372958,942.4,87.6],"59":[0.059511,-0.088942,-0.049808,574.1,106.7],"60":[0.379963,-0.085785,0.206338,594.9,106.3],"61":[0.277884,-0.12375,0.081995,615.5,106.3],"67":[0.172629,-0.161774,-0.095098,738.3,103.2],"68":[1.239234,-0.220912,0.380394,758.7,102.6],"70":[0.012131,-0.027147,-0.0158,800.4,102.5],"72":[0.641212,-0.241032,0.052236,841.4,103.7],"73":[2.291228,-0.162478,0.898646,861.9,104.0],"75":[0.819162,-0.133781,0.378728,902.2,105.2],"76":[0.645485,-0.083785,0.347775,922.3,106.3],"77":[0.578593,-0.070033,0.345912,942.8,107.6],"78":[0.479692,-0.080816,0.266955,963.5,108.6],"79":[-6.3e-05,-0.028525,-0.029112,553.5,127.5],"80":[0.107517,-0.044204,0.037976,574.3,126.7],"81":[0.217081,-0.033693,0.135401,595.0,126.5],"82":[0.297173,-0.107455,0.096766,615.6,126.3],"83":[0.351016,-0.241998,-0.062848,637.2,125.6],"86":[0.931922,-0.089829,0.523507,697.0,124.7],"87":[0.104641,-0.104721,-0.037737,717.8,125.1],"88":[0.725155,-0.096991,0.276206,738.1,124.5],"89":[1.039854,-0.040347,0.500731,758.7,124.4],"90":[-0.021006,-0.045946,-0.067316,779.5,124.3],"91":[0.001126,-0.033498,-0.032999,800.4,123.8],"92":[0.424427,-0.092871,0.193029,821.3,124.0],"93":[0.669366,-0.125386,0.319734,841.7,124.5],"94":[0.160476,-0.18422,-0.105251,862.2,124.5],"95":[0.321791,-0.029243,0.18631,882.5,124.9],"96":[0.460879,-0.056181,0.235597,902.5,125.4],"97":[0.307545,-0.049982,0.169553,921.8,126.2],"98":[0.357664,-0.077399,0.166253,942.0,127.2],"99":[0.243186,-0.050733,0.131295,962.8,128.4],"100":[0.179785,-0.02794,0.115754,983.1,129.0],"101":[0.002828,-0.038891,-0.036978,553.8,147.7],"102":[-0.003504,-0.029061,-0.033017,574.4,147.4],"103":[-0.004405,-0.033315,-0.03847,595.0,147.1],"104":[0.080025,-0.101767,-0.065877,615.7,146.7],"108":[0.806549,-0.159337,0.33242,696.8,145.1],"109":[0.479551,-0.138871,0.156041,717.1,145.2],"110":[0.010066,-0.061864,-0.054601,737.8,145.5],"111":[-0.015551,-0.054364,-0.07089,758.4,145.6],"112":[-0.017113,-0.037198,-0.054554,779.3,145.6],"113":[0.015797,-0.105553,-0.116432,800.1,145.7],"114":[0.265771,-0.045321,0.136092,820.8,145.8],"115":[0.468445,-0.02977,0.290413,841.5,145.9],"116":[0.194388,-0.063633,0.064268,862.1,146.0],"117":[0.0889,-0.089467,-0.052869,882.7,145.7],"119":[0.003937,-0.04882,-0.046448,922.4,146.2],"120":[0.016312,-0.034556,-0.020041,942.0,147.5],"121":[0.025606,-0.032472,-0.008973,962.5,148.3],"122":[0.011356,-0.037949,-0.028237,983.0,148.8],"124":[0.062575,-0.093046,-0.058747,553.9,167.6],"125":[-0.001576,-0.026355,-0.028336,574.5,167.3],"126":[-0.006796,-0.020194,-0.027101,595.1,167.1],"127":[-0.005654,-0.043616,-0.050409,615.9,167.3],"132":[0.018741,-0.334748,-0.414431,716.8,165.4],"134":[-0.021714,-0.184031,-0.236776,758.4,166.4],"135":[0.023666,-0.171173,-0.19438,779.1,166.3],"136":[0.250248,-0.219792,-0.085947,799.8,166.4],"137":[0.010469,-0.118343,-0.129405,820.5,166.5],"138":[0.000834,-0.064841,-0.066754,841.0,166.8],"139":[0.127716,-0.158599,-0.117809,861.6,166.9],"140":[0.577181,-0.187904,0.143172,882.4,167.1],"141":[0.70777,-0.102956,0.378882,903.2,167.6],"142":[0.0929,-0.056236,0.001072,923.3,167.1],"143":[0.000537,-0.037042,-0.037497,942.6,167.8],"144":[-0.02549,-0.046992,-0.072757,962.4,168.6],"145":[-0.003198,-0.039395,-0.04346,982.9,169.1],"146":[0.013423,-0.037256,-0.025446,1003.3,169.6],"147":[0.557794,-0.043425,0.389901,533.0,187.1],"148":[0.39415,-0.101823,0.192616,554.2,188.0],"149":[0.077024,-0.070575,-0.019063,574.6,187.9],"150":[-0.005141,-0.03718,-0.042942,595.3,187.6],"151":[-0.011598,-0.049906,-0.06229,615.5,187.3],"158":[0.605179,-0.170416,0.204272,758.4,185.2],"159":[0.438413,-0.174232,0.101855,779.0,185.3],"160":[0.25829,-0.101836,0.076686,799.5,185.5],"161":[0.138377,-0.108811,-0.010972,820.2,184.8],"162":[0.076356,-0.113293,-0.075534,840.7,185.4],"164":[0.513192,-0.085544,0.249698,881.9,186.8],"165":[0.170658,-0.061298,0.056247,903.0,187.5],"166":[-0.003291,-0.033313,-0.037193,923.5,187.5],"167":[-0.009158,-0.038691,-0.048429,943.4,187.8],"168":[8.4e-05,-0.044888,-0.046159,962.7,188.8],"169":[0.001823,-0.041496,-0.040896,982.7,189.5],"170":[-0.000717,-0.045319,-0.047292,1003.1,190.0],"171":[0.026073,-0.03291,-0.008595,1023.5,190.5],"173":[0.431821,-0.061783,0.277013,533.8,208.7],"174":[0.379304,-0.062164,0.230797,554.2,208.3],"175":[0.100797,-0.050635,0.02608,574.9,208.4],"176":[0.009754,-0.030405,-0.021587,595.5,208.3],"177":[0.00077,-0.031202,-0.031015,615.3,207.3],"184":[0.663629,-0.033629,0.436883,758.1,203.8],"185":[0.243081,-0.045052,0.131566,778.8,204.2],"186":[0.142069,-0.068218,0.028824,799.5,204.6],"187":[0.003904,-0.051916,-0.05025,820.4,204.1],"188":[-0.002919,-0.065137,-0.070447,841.2,204.3],"189":[0.203241,-0.070512,0.058045,861.5,204.8],"190":[0.009337,-0.033629,-0.025589,882.0,205.6],"191":[0.002446,-0.026492,-0.024719,902.8,206.2],"192":[0.018232,-0.033063,-0.016569,923.7,207.0],"193":[0.010074,-0.03573,-0.026845,943.9,207.8],"194":[0.003252,-0.041386,-0.039382,962.9,209.0],"195":[-0.012539,-0.06542,-0.080404,982.4,209.9],"196":[0.003329,-0.050509,-0.049099,1002.8,210.4],"197":[0.015736,-0.027286,-0.012836,1023.3,210.8],"199":[0.229377,-0.031651,0.149494,534.0,229.2],"200":[0.106104,-0.04481,0.038142,554.6,229.1],"201":[-0.001812,-0.029299,-0.031583,575.3,229.0],"202":[0.000302,-0.040175,-0.04084,595.8,228.7],"203":[0.047332,-0.076246,-0.051723,615.9,228.0],"210":[-0.001747,-0.031997,-0.03435,757.9,223.7],"211":[-0.014356,-0.037136,-0.051821,778.7,223.7],"212":[-0.012721,-0.045117,-0.058451,799.7,224.0],"213":[0.000693,-0.026515,-0.026291,820.8,224.0],"214":[-0.004825,-0.053715,-0.060232,841.6,224.1],"215":[0.011762,-0.045063,-0.035322,862.0,224.7],"216":[-0.002651,-0.038067,-0.041491,882.3,225.4],"217":[0.018963,-0.044141,-0.027442,902.6,226.3],"218":[0.025459,-0.030531,-0.006924,922.8,227.4],"219":[0.020646,-0.020772,-0.001019,942.8,228.4],"220":[0.000114,-0.057927,-0.060278,962.3,229.5],"221":[0.011076,-0.0695,-0.062251,981.9,230.4],"222":[0.022224,-0.037534,-0.017205,1002.2,230.9],"223":[4.2e-05,-0.042303,-0.043426,1022.9,231.3],"224":[0.239329,-0.039439,0.16702,513.2,249.7],"225":[0.042514,-0.05015,-0.016643,534.2,249.8],"226":[-0.002686,-0.036913,-0.040245,555.0,249.7],"227":[-0.005066,-0.028911,-0.034324,576.0,249.7],"228":[-0.010122,-0.040881,-0.051551,596.8,249.6],"229":[0.077222,-0.101606,-0.061641,616.9,248.9],"230":[0.247816,-0.216369,-0.078907,636.8,248.0],"234":[0.038458,-0.151423,-0.141065,716.6,244.4],"235":[0.054544,-0.03841,0.011785,737.6,244.0],"236":[0.032925,-0.139841,-0.137919,758.0,244.0],"237":[-0.000533,-0.156834,-0.180827,778.8,244.0],"238":[-0.013978,-0.132057,-0.165118,799.8,244.1],"239":[-0.006324,-0.115836,-0.137571,820.7,244.2],"240":[0.009203,-0.14394,-0.163678,841.6,244.4],