{"dots":{"7":[0.897178,-0.019843,0.638127,738.3,24.6],"8":[0.897178,-0.019843,0.638127,758.9,24.8],"10":[0.588964,-0.238479,-0.044576,799.9,24.9],"11":[0.588964,-0.238479,-0.044576,820.3,25.6],"12":[0.31481,-0.480129,-0.745512,839.8,25.9],"15":[0.41005,-0.197292,0.049722,677.8,46.7],"16":[1.041158,-0.179722,0.385556,697.8,46.2],"17":[2.943005,0.010291,1.650988,718.0,45.4],"19":[0.608963,-0.109196,0.316471,758.6,44.9],"20":[0.973245,-0.133832,0.452065,779.2,45.4],"21":[0.54585,-0.106605,0.282756,800.3,45.8],"23":[1.24539,-0.163753,0.532166,840.3,45.4],"28":[0.394014,-0.231314,-0.021232,677.4,66.7],"29":[0.430237,-0.259839,-0.054766,697.4,66.2],"30":[1.285246,-0.167963,0.526292,718.0,66.4],"32":[0.696044,-0.080335,0.369888,758.7,66.2],"33":[0.581309,-0.153526,0.170729,779.4,66.3],"34":[0.480977,-0.113112,0.161447,799.9,66.4],"35":[0.504689,-0.104384,0.189797,820.4,66.5],"36":[1.886117,-0.100408,0.941168,840.3,67.2],"37":[0.902054,-0.175044,0.292493,860.8,66.7],"38":[0.179719,-0.362986,-0.390652,881.3,67.3],"39":[0.113937,-0.212958,-0.199549,901.3,68.2],"47":[0.230148,-0.184744,-0.079961,718.0,86.5],"48":[0.079735,-0.009431,0.066306,738.4,86.0],"49":[0.097308,-0.219852,-0.214332,758.9,85.8],"50":[0.121119,-0.255584,-0.237369,779.4,85.8],"51":[0.05723,-0.130323,-0.111834,799.8,86.0],"52":[0.723984,-0.121094,0.264003,820.3,86.5],"53":[1.353243,-0.183846,0.514884,840.8,87.1],"54":[1.602637,-0.180489,0.54563,861.1,86.7],"55":[0.933149,-0.151272,0.292761,881.6,86.9],"56":[0.205404,-0.08807,0.072762,901.6,87.8],"57":[0.534633,-0.131728,0.219664,921.6,88.9],"58":[0.582815,-0.058662,0.359268,941.7,89.5],"59":[0.061673,-0.091323,-0.049984,575.0,108.4],"60":[0.382511,-0.088546,0.203862,595.7,108.2],"61":[0.26287,-0.175068,-0.006483,616.2,108.2],"62":[0.126747,-0.229329,-0.195589,636.1,108.8],"63":[0.071349,-0.365528,-0.446215,656.7,106.9],"64":[0.188842,-0.236486,-0.164012,676.2,107.0],"65":[0.751313,-0.086259,0.427833,696.1,107.3],"66":[0.745564,-0.145718,0.325565,717.5,107.0],"67":[0.175191,-0.200965,-0.135576,738.6,106.3],"68":[1.108798,-0.184938,0.361597,758.9,105.9],"69":[1.061735,-0.108815,0.502544,779.3,105.5],"70":[0.179369,-0.180346,-0.084944,800.2,105.7],"72":[0.63112,-0.24354,0.038602,841.0,107.1],"73":[1.824506,-0.153163,0.741305,861.4,107.1],"74":[1.023523,-0.074177,0.567489,881.4,107.3],"75":[0.869302,-0.105482,0.449061,901.6,107.8],"76":[0.653111,-0.0896,0.341817,921.7,108.7],"77":[0.586744,-0.081298,0.33239,941.9,109.5],"78":[0.488862,-0.086495,0.263466,962.3,110.1],"79":[0.001123,-0.034149,-0.033763,554.4,129.1],"80":[0.106732,-0.047614,0.033017,575.2,128.5],"81":[0.216552,-0.03788,0.128898,595.8,128.3],"82":[0.273643,-0.15059,0.022856,616.3,128.2],"83":[0.159999,-0.16726,-0.086853,637.7,127.7],"84":[0.033562,-0.180428,-0.202508,657.4,127.5],"86":[0.688339,-0.119587,0.331606,697.4,127.1],"87":[0.581701,-0.093973,0.286711,718.1,127.6],"88":[0.697167,-0.117361,0.26243,738.5,127.3],"89":[1.471755,-0.050987,0.748048,758.8,127.1],"90":[0.465313,-0.057659,0.223985,779.5,127.2],"91":[0.320663,-0.085841,0.106394,800.3,126.8],"92":[0.400579,-0.106614,0.157569,821.0,126.9],"93":[0.636678,-0.133299,0.28736,841.4,127.2],"94":[0.536193,-0.163949,0.140737,861.8,127.3],"95":[0.779584,-0.045593,0.43298,882.0,127.6],"96":[0.380667,-0.138656,0.068294,901.9,128.0],"97":[0.312695,-0.055462,0.165536,921.4,128.6],"98":[0.36787,-0.085669,0.160876,941.4,129.3],"99":[0.2545,-0.053528,0.137677,962.0,130.1],"100":[0.196549,-0.030002,0.129111,982.3,130.6],"101":[0.003299,-0.044009,-0.041886,554.7,149.3],"102":[-0.005232,-0.033421,-0.039221,575.2,149.1],"103":[-0.007091,-0.037581,-0.045576,595.8,148.9],"104":[0.153042,-0.134498,-0.04959,616.3,148.5],"105":[0.193195,-0.1649,-0.054448,639.2,147.2],"106":[0.060967,-0.091479,-0.043733,657.1,146.5],"107":[0.068912,-0.045555,0.016935,676.6,147.3],"108":[0.803133,-0.156462,0.336303,697.2,147.4],"109":[0.313765,-0.202318,-0.037675,717.6,147.7],"110":[0.00979,-0.156182,-0.184463,738.2,147.9],"111":[-0.034346,-0.061825,-0.096727,758.7,148.0],"112":[-0.030545,-0.050031,-0.08084,779.4,148.0],"113":[0.003723,-0.117645,-0.140908,800.0,148.1],"114":[0.2477,-0.057476,0.107571,820.5,148.2],"115":[0.444815,-0.036634,0.265663,841.0,148.3],"116":[0.180058,-0.068501,0.047944,861.6,148.4],"117":[0.185834,-0.165941,-0.101612,882.1,148.2],"118":[0.221289,-0.254336,-0.175514,902.4,148.2],"119":[0.021701,-0.144604,-0.15883,922.0,148.5],"120":[0.019555,-0.03936,-0.022177,941.5,149.7],"121":[0.030622,-0.037064,-0.009315,961.8,150.3],"122":[0.017065,-0.042844,-0.028536,982.2,150.7],"124":[0.061608,-0.097848,-0.064699,554.8,169.2],"125":[-0.002866,-0.031022,-0.03444,575.3,168.9],"126":[-0.00963,-0.023837,-0.033614,595.8,168.9],"127":[0.099861,-0.104714,-0.052215,616.5,169.1],"132":[-0.017235,-0.270417,-0.345899,717.5,167.9],"133":[0.029082,-0.276043,-0.326786,738.1,168.2],"134":[0.003896,-0.240616,-0.303401,758.6,168.3],"135":[0.011456,-0.177255,-0.211456,779.2,168.3],"136":[0.245637,-0.22335,-0.094408,799.7,168.4],"137":[0.003668,-0.121802,-0.139906,820.2,168.7],"138":[-0.007812,-0.068488,-0.078763,840.6,169.0],"139":[0.11877,-0.162168,-0.129448,861.1,169.2],"140":[0.48572,-0.186894,0.087382,881.7,169.4],"141":[0.501481,-0.115252,0.229362,902.4,169.7],"142":[0.116561,-0.110836,-0.046932,922.6,169.4],"143":[0.002085,-0.041568,-0.040717,942.0,169.9],"144":[-0.02802,-0.05102,-0.079381,961.7,170.6],"145":[-0.008224,-0.043335,-0.052426,982.1,171.0],"146":[0.015485,-0.042151,-0.029034,1002.4,171.4],"147":[0.545588,-0.049642,0.372421,534.0,188.6],"148":[0.38983,-0.106104,0.183318,555.1,189.5],"149":[0.073226,-0.073785,-0.026242,575.4,189.5],"150":[-0.008888,-0.038402,-0.047821,596.0,189.3],"151":[0.097441,-0.114475,-0.070424,616.1,189.1],"157":[0.44614,-0.11185,0.17689,738.0,187.6],"158":[0.550797,-0.17594,0.151714,758.6,187.3],"159":[0.456465,-0.175088,0.110344,779.1,187.4],"160":[0.255751,-0.099981,0.075878,799.5,187.5],"161":[0.133711,-0.106931,-0.013256,820.0,187.2],"162":[0.069453,-0.108092,-0.075827,840.3,187.6],"164":[0.492778,-0.081616,0.240289,881.4,188.8],"165":[0.169107,-0.059156,0.057775,902.3,189.6],"166":[-0.000147,-0.035384,-0.036375,922.8,189.7],"167":[-0.008453,-0.038426,-0.047585,942.7,190.0],"168":[-0.003264,-0.044059,-0.04851,962.0,190.7],"169":[-0.002335,-0.044693,-0.048244,981.9,191.3],"170":[-0.003714,-0.05005,-0.055151,1002.2,191.7],"171":[0.024501,-0.038307,-0.015808,1022.4,192.1],"173":[0.427134,-0.066112,0.267564,534.7,210.0],"174":[0.373318,-0.067216,0.219401,555.1,209.7],"175":[0.097666,-0.054116,0.019064,575.7,209.9],"176":[0.006167,-0.031054,-0.0257,596.2,209.9],"177":[-0.001277,-0.031169,-0.032968,616.1,209.1],"184":[0.851466,-0.036177,0.54655,758.4,206.3],"185":[0.255477,-0.048689,0.133627,778.9,206.7],"186":[0.1482,-0.066744,0.032854,799.5,207.0],"187":[-0.001576,-0.049355,-0.052602,820.2,206.6],"188":[-0.007002,-0.058656,-0.067503,840.9,206.8],"189":[0.19381,-0.063986,0.058803,861.1,207.3],"190":[0.008235,-0.02918,-0.021826,881.5,208.0],"191":[0.005833,-0.0302,-0.025362,902.2,208.5],"192":[0.016209,-0.034683,-0.020404,922.8,209.2],"193":[0.008792,-0.033543,-0.025857,942.8,210.0],"194":[0.002876,-0.03862,-0.036896,962.1,210.9],"195":[-0.015261,-0.066412,-0.084201,981.6,211.7],"196":[0.000208,-0.055275,-0.057176,1001.8,212.1],"197":[0.011392,-0.031509,-0.021484,1022.2,212.4],"199":[0.228099,-0.035561,0.143648,534.9,230.5],"200":[0.103415,-0.048649,0.031239,555.4,230.5],"201":[-0.005067,-0.032962,-0.038522,576.0,230.5],"202":[-0.00229,-0.04313,-0.046386,596.5,230.3],"203":[0.044749,-0.076091,-0.053409,616.7,229.7],"205":[0.060498,0.014292,0.073246,656.0,228.5],"206":[0.06402,0.042056,0.105858,676.9,228.3],"210":[-0.005837,-0.034829,-0.04122,758.2,226.2],"211":[-0.016218,-0.041432,-0.058035,778.8,226.2],"212":[-0.016679,-0.046714,-0.063927,799.7,226.5],"213":[-0.00552,-0.029089,-0.03494,820.6,226.5],"214":[-0.010646,-0.055847,-0.067922,841.2,226.7],"215":[0.009938,-0.046561,-0.038632,861.5,227.2],