{"dots":{"7":[0.89119,-0.009597,0.651962,738.1,22.1],"8":[0.89119,-0.009597,0.651962,758.9,22.7],"15":[0.409322,-0.198751,0.046772,677.5,44.9],"16":[0.406843,-0.244205,-0.038549,697.6,44.2],"19":[0.610502,-0.10328,0.327442,758.6,42.7],"20":[0.989637,-0.129423,0.468279,779.1,43.2],"21":[0.234585,-0.207388,-0.07275,800.5,43.5],"23":[1.265089,-0.161634,0.545635,840.5,43.2],"28":[0.395274,-0.233559,-0.024818,677.2,64.7],"29":[0.428434,-0.260196,-0.056336,697.1,64.1],"30":[0.452038,-0.256109,-0.0363,717.8,64.3],"32":[0.703132,-0.078302,0.375233,758.6,64.2],"33":[0.585696,-0.152033,0.17329,779.3,64.2],"34":[0.486358,-0.110933,0.167784,800.0,64.3],"35":[0.500674,-0.104658,0.186605,820.6,64.4],"36":[1.841726,-0.092893,0.942888,840.4,65.2],"37":[0.887295,-0.17367,0.293812,861.2,64.5],"38":[0.183117,-0.363276,-0.389608,881.8,65.2],"39":[0.113747,-0.216684,-0.204193,901.9,66.3],"47":[0.227089,-0.183402,-0.08107,717.7,84.3],"48":[0.075283,-0.005142,0.066815,738.3,83.7],"49":[0.095177,-0.220034,-0.218035,758.8,83.6],"50":[0.120793,-0.255159,-0.237687,779.4,83.5],"51":[0.053181,-0.129688,-0.114805,799.9,83.6],"52":[0.698612,-0.117205,0.260626,820.5,84.2],"53":[1.32209,-0.179711,0.514736,841.2,84.8],"54":[1.607816,-0.180238,0.553058,861.5,84.3],"55":[0.933766,-0.151914,0.29516,882.2,84.7],"56":[0.202892,-0.090617,0.067564,902.2,85.8],"57":[0.52478,-0.131684,0.215578,922.0,87.0],"58":[0.56857,-0.047932,0.368261,942.2,88.1],"59":[0.058991,-0.08926,-0.050253,574.4,107.0],"60":[0.378509,-0.086745,0.203849,595.2,106.7],"61":[0.277143,-0.123692,0.081565,615.7,106.6],"64":[0.323478,-0.07891,0.177724,675.8,105.0],"65":[0.762011,-0.078302,0.446735,696.0,105.2],"66":[0.759837,-0.144307,0.335603,717.4,104.8],"67":[0.176753,-0.199596,-0.134046,738.4,104.0],"68":[1.139331,-0.183174,0.376874,758.8,103.5],"69":[1.087826,-0.103888,0.522939,779.3,103.2],"70":[0.180424,-0.177156,-0.079524,800.4,103.2],"72":[0.640485,-0.241332,0.048069,841.3,104.8],"73":[1.827532,-0.149589,0.752884,861.8,104.8],"74":[1.021947,-0.071381,0.57166,881.8,105.1],"75":[0.866432,-0.104218,0.450147,902.1,105.8],"76":[0.644291,-0.084798,0.345385,922.2,106.8],"77":[0.57786,-0.072059,0.342266,942.6,108.0],"78":[0.48003,-0.082523,0.264491,963.3,108.9],"79":[0.001706,-0.029132,-0.028013,553.8,127.8],"80":[0.106853,-0.045196,0.036342,574.6,127.0],"81":[0.215468,-0.035811,0.131375,595.3,126.8],"82":[0.293881,-0.109273,0.09195,615.8,126.6],"83":[0.322884,-0.209841,-0.025278,637.3,126.1],"86":[0.692536,-0.113207,0.34394,697.1,125.1],"87":[0.592897,-0.08915,0.300845,717.9,125.5],"88":[0.717358,-0.113854,0.276844,738.4,125.2],"89":[1.514007,-0.046214,0.774343,758.8,125.0],"90":[0.482767,-0.051385,0.243678,779.5,125.0],"91":[0.335046,-0.077976,0.126248,800.5,124.6],"92":[0.409392,-0.098505,0.175241,821.3,124.7],"93":[0.65391,-0.128481,0.30553,841.8,125.1],"94":[0.543338,-0.159941,0.151907,862.2,125.1],"95":[0.783329,-0.040986,0.443681,882.5,125.4],"96":[0.458687,-0.056427,0.234542,902.5,126.0],"97":[0.307398,-0.051282,0.168164,921.9,126.7],"98":[0.358499,-0.079843,0.163457,942.0,127.6],"99":[0.24547,-0.052007,0.13203,962.7,128.7],"100":[0.184634,-0.027841,0.120739,983.0,129.3],"101":[0.003052,-0.039114,-0.037,554.1,148.0],"102":[-0.003088,-0.029776,-0.033339,574.7,147.7],"103":[-0.005227,-0.035253,-0.041288,595.3,147.3],"104":[0.157167,-0.130768,-0.041766,616.0,147.0],"105":[0.326715,-0.200626,-0.006396,639.3,145.3],"108":[0.806317,-0.158371,0.334233,696.9,145.5],"109":[0.318998,-0.201086,-0.032881,717.3,145.7],"110":[0.018374,-0.153088,-0.173858,738.0,146.0],"111":[-0.023944,-0.056599,-0.081279,758.5,146.0],"112":[-0.021587,-0.041045,-0.062886,779.4,146.1],"113":[0.011381,-0.109468,-0.124788,800.2,146.1],"114":[0.260152,-0.049444,0.126516,820.8,146.3],"115":[0.461444,-0.031604,0.28325,841.4,146.4],"116":[0.19065,-0.064826,0.060175,862.1,146.5],"117":[0.086585,-0.090811,-0.056386,882.6,146.2],"119":[0.004859,-0.050062,-0.046933,922.4,146.7],"120":[0.016506,-0.035885,-0.021323,942.0,147.9],"121":[0.027179,-0.033915,-0.009081,962.4,148.7],"122":[0.013328,-0.039505,-0.028131,982.9,149.2],"124":[0.061956,-0.09381,-0.060072,554.2,167.8],"125":[-0.001832,-0.027522,-0.029774,574.8,167.5],"126":[-0.007314,-0.021257,-0.028691,595.3,167.4],"127":[0.108455,-0.100785,-0.041612,616.1,167.5],"132":[-0.012133,-0.33515,-0.433074,717.0,165.9],"133":[0.045446,-0.339588,-0.410578,737.8,166.4],"134":[0.014305,-0.240408,-0.29611,758.5,166.7],"135":[0.020406,-0.172798,-0.199103,779.2,166.7],"136":[0.247305,-0.220737,-0.089288,799.9,166.8],"137":[0.008111,-0.119535,-0.132959,820.5,166.9],"138":[-0.002107,-0.066584,-0.071421,841.0,167.2],"139":[0.125077,-0.16032,-0.1222,861.5,167.4],"140":[0.570122,-0.188731,0.137636,882.3,167.5],"141":[0.701161,-0.10378,0.373927,903.0,168.0],"142":[0.092249,-0.056315,0.000887,923.2,167.6],"143":[-8.1e-05,-0.038452,-0.039567,942.5,168.2],"144":[-0.026708,-0.048332,-0.07532,962.3,169.0],"145":[-0.004509,-0.040735,-0.046127,982.8,169.5],"146":[0.014534,-0.038932,-0.026234,1003.1,170.0],"147":[0.554524,-0.046049,0.383761,533.3,187.3],"148":[0.392629,-0.103728,0.188753,554.5,188.2],"149":[0.076199,-0.071552,-0.020915,574.8,188.1],"150":[-0.005799,-0.03703,-0.043421,595.5,187.9],"151":[0.106591,-0.110635,-0.059058,615.7,187.6],"158":[0.449964,-0.231245,0.007371,758.5,185.6],"159":[0.441765,-0.174811,0.102754,779.1,185.6],"160":[0.255847,-0.101383,0.075436,799.6,185.8],"161":[0.136193,-0.108569,-0.012424,820.2,185.2],"162":[0.0744,-0.112251,-0.076217,840.6,185.8],"164":[0.506621,-0.084927,0.245973,881.9,187.1],"165":[0.169616,-0.06025,0.056732,902.9,187.8],"166":[-0.002589,-0.033562,-0.036797,923.4,188.0],"167":[-0.009173,-0.03887,-0.048652,943.3,188.3],"168":[-0.001257,-0.045006,-0.047559,962.6,189.2],"169":[0.000392,-0.042689,-0.043524,982.5,189.9],"170":[-0.001692,-0.046838,-0.049832,1002.9,190.3],"171":[0.025393,-0.034081,-0.010478,1023.3,190.8],"173":[0.432607,-0.062959,0.275865,534.1,208.8],"174":[0.378028,-0.064268,0.226968,554.5,208.5],"175":[0.100193,-0.052148,0.023761,575.1,208.6],"176":[0.010191,-0.030101,-0.020841,595.7,208.5],"177":[0.001732,-0.029991,-0.028824,615.6,207.6],"184":[0.670751,-0.034809,0.438691,758.3,204.3],"185":[0.245887,-0.046683,0.130811,778.9,204.7],"186":[0.143702,-0.068013,0.02966,799.5,205.0],"187":[0.002728,-0.051184,-0.050551,820.4,204.5],"188":[-0.004089,-0.062864,-0.069166,841.2,204.8],"189":[0.199887,-0.068885,0.057593,861.4,205.3],"190":[0.008842,-0.032694,-0.025019,882.0,206.1],"191":[0.003247,-0.026796,-0.024286,902.7,206.6],"192":[0.017741,-0.033234,-0.017268,923.5,207.4],"193":[0.009317,-0.035149,-0.026973,943.7,208.3],"194":[0.002659,-0.040881,-0.03942,962.8,209.4],"195":[-0.013659,-0.065727,-0.081829,982.3,210.3],"196":[0.002646,-0.051328,-0.050616,1002.6,210.7],"197":[0.015778,-0.028363,-0.013935,1023.1,211.2],"199":[0.230613,-0.032849,0.14874,534.3,229.4],"200":[0.106225,-0.045781,0.036947,554.8,229.3],"201":[-0.00251,-0.030411,-0.033409,575.6,229.2],"202":[-3.3e-05,-0.041143,-0.042163,596.0,228.9],"203":[0.047421,-0.075569,-0.050859,616.2,228.3],"205":[0.054932,0.040319,0.095154,655.6,226.8],"206":[0.054932,0.040319,0.095154,676.4,226.5],"210":[-0.003152,-0.033601,-0.037347,758.1,224.1],"211":[-0.015248,-0.038752,-0.054339,778.8,224.1],"212":[-0.014277,-0.046241,-0.061112,799.8,224.5],"213":[-0.000791,-0.027574,-0.028817,820.8,224.5],"214":[-0.006434,-0.054324,-0.062374,841.6,224.6],"215":[0.011189,-0.045704,-0.036528,861.9,225.1],"216":[-0.00223,-0.039348,-0.042422,882.2,225.9],"217":[0.019291,-0.045178,-0.028247,902.5,226.8],"218":[0.025353,-0.031746,-0.008295,922.6,227.8],"219":[0.021801,-0.021758,-0.000935,942.6,228.9],"220":[0.000279,-0.057465,-0.059615,962.1,229.9],"221":[0.010029,-0.06956,-0.063285,981.7,230.8],"222":[0.02077,-0.038129,-0.019209,1002.1,231.3],"223":[0.000101,-0.043265,-0.044375,1022.7,231.6],"224":[0.238895,-0.040097,0.16585,513.5,249.8],"225":[0.041506,-0.050932,-0.01841,534.5,249.9],"226":[-0.00402,-0.037474,-0.042115,555.2,249.9],