{"dots":{"7":[0.888042,-0.016913,0.637737,738.3,23.6],"8":[0.888042,-0.016913,0.637737,759.0,24.0],"10":[0.587754,-0.235918,-0.020831,800.1,23.9],"11":[0.587754,-0.235918,-0.020831,820.4,24.6],"12":[0.297425,-0.472258,-0.702531,839.9,25.0],"15":[0.40927,-0.199127,0.046087,677.8,45.9],"16":[0.406542,-0.244066,-0.038427,697.8,45.4],"19":[0.606748,-0.107783,0.317614,758.7,44.0],"20":[0.98301,-0.131996,0.460178,779.2,44.5],"21":[0.554853,-0.105733,0.289554,800.4,44.9],"23":[1.258061,-0.163749,0.537724,840.4,44.4],"28":[0.393846,-0.233032,-0.024488,677.4,65.8],"29":[0.429158,-0.260148,-0.055898,697.4,65.3],"30":[0.454526,-0.256754,-0.036316,718.0,65.5],"32":[0.700644,-0.079599,0.372612,758.7,65.4],"33":[0.584302,-0.153001,0.171958,779.4,65.5],"34":[0.484063,-0.112504,0.163897,800.0,65.6],"35":[0.503085,-0.105396,0.186787,820.5,65.7],"36":[1.863065,-0.096674,0.94197,840.3,66.3],"37":[0.893599,-0.173629,0.294434,861.0,65.8],"38":[0.180171,-0.363139,-0.390698,881.6,66.4],"39":[0.113143,-0.215077,-0.202493,901.6,67.4],"47":[0.229573,-0.18451,-0.080093,718.0,85.5],"48":[0.078635,-0.008999,0.065762,738.4,85.0],"49":[0.096009,-0.220315,-0.216723,758.9,84.9],"50":[0.119588,-0.255616,-0.238887,779.5,84.9],"51":[0.054419,-0.1306,-0.114626,799.9,85.0],"52":[0.710491,-0.119622,0.261163,820.4,85.5],"53":[1.336439,-0.181121,0.51591,841.0,86.1],"54":[1.605804,-0.180321,0.549384,861.3,85.7],"55":[0.93275,-0.151613,0.293426,881.9,86.0],"56":[0.203345,-0.089547,0.069331,901.9,86.9],"57":[0.527893,-0.132283,0.215658,921.8,88.1],"58":[0.573864,-0.055156,0.359615,942.0,88.9],"59":[0.059245,-0.090522,-0.050991,574.8,107.8],"60":[0.379233,-0.088344,0.20187,595.5,107.5],"61":[0.275588,-0.125163,0.078367,616.1,107.5],"64":[0.322706,-0.088675,0.163443,676.0,106.1],"65":[0.755434,-0.082394,0.436968,696.1,106.4],"66":[0.748715,-0.14383,0.330718,717.5,106.0],"67":[0.175632,-0.200921,-0.135626,738.6,105.3],"68":[1.120069,-0.184863,0.365523,758.9,104.9],"69":[1.072831,-0.106821,0.510656,779.3,104.5],"70":[0.178413,-0.179196,-0.083869,800.3,104.6],"72":[0.635337,-0.242526,0.042757,841.2,106.1],"73":[1.825833,-0.151601,0.746274,861.6,106.1],"74":[1.022059,-0.07294,0.568831,881.6,106.4],"75":[0.867623,-0.105238,0.448581,901.9,107.0],"76":[0.647808,-0.08864,0.340788,922.0,107.9],"77":[0.581818,-0.078439,0.33407,942.2,108.9],"78":[0.482737,-0.084592,0.262662,962.7,109.6],"79":[0.001133,-0.032121,-0.031649,554.2,128.5],"80":[0.106006,-0.047135,0.033167,575.0,127.8],"81":[0.215116,-0.037855,0.127977,595.6,127.6],"82":[0.293414,-0.110158,0.090056,616.1,127.4],"83":[0.32471,-0.215254,-0.032724,637.5,126.9],"86":[0.691261,-0.116547,0.33842,697.3,126.2],"87":[0.584557,-0.091214,0.293049,718.0,126.6],"88":[0.703537,-0.116396,0.266273,738.5,126.4],"89":[1.489171,-0.049719,0.757265,758.8,126.2],"90":[0.47416,-0.055054,0.233001,779.5,126.3],"91":[0.327725,-0.082008,0.115921,800.4,125.8],"92":[0.404704,-0.103534,0.164638,821.1,126.0],"93":[0.644172,-0.131474,0.294734,841.6,126.3],"94":[0.538535,-0.162137,0.145303,862.0,126.3],"95":[0.781613,-0.043344,0.438094,882.2,126.7],"96":[0.380582,-0.138672,0.068083,902.2,127.2],"97":[0.309821,-0.054701,0.164817,921.6,127.8],"98":[0.363031,-0.083281,0.161242,941.6,128.6],"99":[0.249585,-0.052208,0.135506,962.3,129.6],"100":[0.19108,-0.02837,0.126261,982.6,130.0],"101":[0.002425,-0.041949,-0.04056,554.6,148.6],"102":[-0.004663,-0.031933,-0.037103,575.1,148.4],"103":[-0.007073,-0.037462,-0.045403,595.6,148.1],"104":[0.153275,-0.134636,-0.049965,616.2,147.8],"105":[0.313889,-0.207617,-0.025397,639.1,146.3],"108":[0.806427,-0.156458,0.338227,697.0,146.6],"109":[0.31684,-0.201831,-0.034985,717.5,146.8],"110":[0.013608,-0.155768,-0.181064,738.1,147.0],"111":[-0.030126,-0.06037,-0.09115,758.6,147.1],"112":[-0.026395,-0.046251,-0.072916,779.4,147.2],"113":[0.007144,-0.114055,-0.133839,800.1,147.3],"114":[0.253401,-0.054212,0.115637,820.6,147.4],"115":[0.452438,-0.035031,0.272862,841.2,147.5],"116":[0.18471,-0.067073,0.053082,861.8,147.6],"117":[0.188694,-0.164384,-0.097489,882.3,147.4],"118":[0.225632,-0.253951,-0.172089,902.7,147.3],"119":[0.020229,-0.143624,-0.159448,922.1,147.7],"120":[0.017888,-0.037559,-0.021838,941.7,148.9],"121":[0.029115,-0.03566,-0.009186,962.1,149.6],"122":[0.015423,-0.041478,-0.02845,982.4,150.1],"124":[0.061138,-0.096728,-0.06391,554.7,168.5],"125":[-0.002928,-0.02989,-0.033306,575.1,168.2],"126":[-0.009339,-0.022914,-0.032379,595.7,168.1],"127":[0.100345,-0.104164,-0.051455,616.4,168.3],"132":[-0.012933,-0.334789,-0.433018,717.2,166.9],"133":[0.041651,-0.340028,-0.41343,737.9,167.3],"134":[0.00981,-0.241213,-0.30035,758.6,167.6],"135":[0.015637,-0.175633,-0.206362,779.2,167.6],"136":[0.242724,-0.222696,-0.095222,799.8,167.7],"137":[0.004922,-0.121727,-0.138426,820.3,167.9],"138":[-0.005416,-0.068968,-0.077067,840.8,168.2],"139":[0.121336,-0.162109,-0.127346,861.3,168.4],"140":[0.489204,-0.185963,0.091112,881.9,168.6],"141":[0.50339,-0.1147,0.231706,902.6,169.0],"142":[0.11599,-0.110275,-0.047168,922.9,168.6],"143":[0.000729,-0.040408,-0.040837,942.2,169.2],"144":[-0.0282,-0.05013,-0.078629,962.0,169.9],"145":[-0.007262,-0.042645,-0.050785,982.3,170.4],"146":[0.014938,-0.040567,-0.027736,1002.7,170.9],"147":[0.54589,-0.048453,0.374427,533.8,188.0],"148":[0.389456,-0.105182,0.184464,554.9,188.8],"149":[0.073996,-0.07307,-0.024663,575.2,188.8],"150":[-0.008488,-0.03842,-0.047459,595.8,188.6],"151":[0.098096,-0.113897,-0.06925,616.0,188.4],"158":[0.456231,-0.230936,0.011102,758.6,186.5],"159":[0.446505,-0.175305,0.104467,779.1,186.6],"160":[0.251852,-0.100818,0.0731,799.5,186.7],"161":[0.131733,-0.108901,-0.016565,820.1,186.3],"162":[0.070635,-0.111052,-0.078153,840.4,186.7],"164":[0.494503,-0.08393,0.239444,881.6,188.0],"165":[0.166424,-0.060213,0.05467,902.5,188.8],"166":[-0.001177,-0.03484,-0.03679,923.0,188.9],"167":[-0.009086,-0.038951,-0.048701,943.0,189.2],"168":[-0.003291,-0.045424,-0.049966,962.2,190.1],"169":[-0.001355,-0.044752,-0.047355,982.1,190.7],"170":[-0.00307,-0.048965,-0.053372,1002.5,191.1],"171":[0.024107,-0.036503,-0.014261,1022.8,191.6],"173":[0.427993,-0.065403,0.269214,534.5,209.3],"174":[0.373352,-0.06643,0.220563,554.9,209.1],"175":[0.097721,-0.053721,0.019682,575.5,209.2],"176":[0.006633,-0.031383,-0.025602,596.0,209.2],"177":[-0.00192,-0.031625,-0.034064,615.9,208.3],"184":[0.682105,-0.036453,0.442008,758.3,205.3],"185":[0.249659,-0.048742,0.130006,778.9,205.7],"186":[0.145686,-0.067427,0.030989,799.5,206.1],"187":[0.000324,-0.050679,-0.052244,820.3,205.6],"188":[-0.005922,-0.060988,-0.068937,841.0,205.9],"189":[0.194742,-0.066388,0.05711,861.2,206.4],"190":[0.008105,-0.031339,-0.024242,881.7,207.1],"191":[0.004445,-0.028657,-0.025084,902.4,207.6],"192":[0.017405,-0.033839,-0.018312,923.1,208.3],"193":[0.008737,-0.034679,-0.027068,943.2,209.2],"194":[0.00202,-0.040588,-0.039761,962.4,210.3],"195":[-0.015144,-0.066756,-0.084375,981.9,211.1],"196":[0.000375,-0.054117,-0.055749,1002.1,211.5],"197":[0.012216,-0.031141,-0.020255,1022.6,211.9],"199":[0.228293,-0.034093,0.145531,534.7,229.8],"200":[0.103986,-0.04785,0.032624,555.2,229.8],"201":[-0.004721,-0.032253,-0.03745,575.9,229.8],"202":[-0.002245,-0.042429,-0.045618,596.3,229.5],"203":[0.044604,-0.076105,-0.053709,616.5,229.0],"205":[0.056171,0.027985,0.08379,655.8,227.6],"210":[-0.005492,-0.035092,-0.041156,758.1,225.2],"211":[-0.016776,-0.040991,-0.058124,778.8,225.2],"212":[-0.016228,-0.047556,-0.064355,799.7,225.5],"213":[-0.00335,-0.028873,-0.032624,820.6,225.6],"214":[-0.009194,-0.055712,-0.066426,841.3,225.7],"215":[0.010103,-0.046394,-0.038292,861.6,226.2],"216":[-0.002192,-0.041341,-0.044497,881.9,227.0],"217":[0.019087,-0.047734,-0.031197,902.1,227.8],"218":[0.025191,-0.034096,-0.010931,922.2,228.8],"219":[0.023012,-0.024006,-0.002127,942.1,229.8],"220":[-0.000501,-0.05707,-0.059927,961.6,230.8],"221":[0.008179,-0.07096,-0.066499,981.3,231.5],"222":[0.018359,-0.041086,-0.024627,1001.6,232.0],"223":[-0.004168,-0.045591,-0.050903,1022.2,232.3],